"id","wezwanie","id_wezwanie"
1,"10Tys MM",1
2,"10Tys MM, Katarzyna, Dorota PPMM",2
3,"10Tys Rycerzy MM",3
4,"10TysRycerzy MM",4
5,"10TysRycerzy MM, Jakub W Ap, Anna",5
6,"11Tys PPMM",6
7,Agata PM,7
8,Agnieszka ,8
9,Aleksander,9
10,Aleksy W,10
1101,"Aleksy W, Benedykt O, Jadwiga Wd",1101
11,"Aleksy W, Jadwiga Wd",11
1117,Alfons Rodriguez,1117
12,Alojzy,12
13,Andrzej Ap,13
14,"Andrzej Ap, Anna",14
15,"Andrzej Ap, Dorota PM",15
16,"Andrzej Ap, Jan Ch",16
17,"Andrzej Ap, Katarzyna PM",17
18,"Andrzej Ap, Leonard O",18
19,"Andrzej Ap, Małgorzata PM",19
20,"Andrzej Ap, Maria Magdalena",20
21,"Andrzej Ap, Roch W",21
22,"Andrzej Ap, Świerad, Benedykt O",22
23,"Andrzej Ap, Wawrzyniec M",23
24,"Andrzej Ap, Witalis M",24
1032,Andrzej Avellino,1032
25,"Andrzej, Bartłomiej AAp",25
1051,Andrzej Bobola,1051
26,"Andrzej, Jakub W AAp",26
27,"Andrzej, Mateusz AAp",27
28,"Andrzej, Szymon i Juda Tadeusz AAp",28
1104,Andrzej Świerad i Benedykt Pustelnicy,1104
1105,Andrzej Świerad Pustelnik,1105
29,Anioł Stróż,29
30,Aniołowie Stróże,30
31,Anna,31
32,"Anna, Augustyn Bp",32
33,"Anna, Hieronim DrKła",33
34,"Anna, Jakub W Ap",34
35,"Anna, Jan Ch",35
36,"Anna, Jan Ch, Stanisław Bp",36
37,"Anna, Kajetan W",37
38,"Anna, Małgorzata PM",38
39,"Anna, Maria Magdalena, Jakub W Ap",39
40,"Anna, Michał A",40
41,"Anna, Mikołaj Bp",41
42,"Anna, NarNMP",42
43,"Anna, Stanisław Bp",43
44,"Anna, Stefan M",44
45,"Anna, Św. Krzyż, Św. Trójca",45
46,"Anna, Wawrzyniec M",46
47,"Anna, Wszyscy Św",47
48,Antoni,48
49,Antoni O,49
50,Antoni Pad,50
51,"Antoni Pad, Barbara PM",51
1061,"Antoni Pad, Mikołaj Bp",1061
52,"Antoni Pad, Wojciech Bp, Anna",52
1071,Apolonia PM,1071
53,Augustyn Bp,53
54,"Augustyn, Mikołaj BBp",54
62,"Barbara, Małgorzata, Dorota PPMM",62
55,Barbara PM,55
56,"Barbara PM, Leonard O",56
57,"Barbara PM, Maria Magdalena",57
1155,"Barbara PM, Maurycy M",1155
58,"Barbara PM, Mikołaj Bp, Jan Ew",58
1076,"Barbara PM, Stanisław Bp",1076
59,"Barbara PM, Wojciech Bp",59
60,"Barbara PM, Wszyscy Św",60
61,"Barbara PM, Zofia M",61
63,Barnaba Ap,63
72,"Bartłomiej, Andrzej AAp",72
64,Bartłomiej Ap,64
65,"Bartłomiej Ap, Jadwiga Wd",65
66,"Bartłomiej Ap, Jan Ch",66
67,"Bartłomiej Ap, Katarzyna PM",67
68,"Bartłomiej Ap, Mikołaj Bp",68
69,"Bartłomiej Ap, NMP, Mikołaj Bp, Dorota, Katarzyna PPMM, Paweł Ap, Wawrzyniec M, Michał A",69
70,"Bartłomiej Ap, Paweł Ap, Stanisław, Mikołaj BBp",70
71,"Bartłomiej Ap, Stanisław Bp",71
1052,Bazyli Bp,1052
73,Benedykt M,73
74,Benedykt O,74
75,Benon Bp,75
76,"Benon, Roch W",76
77,Bernard O,77
78,Bernardyn z Sieny,78
79,Błażej Bp,79
80,Bogumił Bp,80
81,Boże Ciało,81
82,"Boże Ciało, Bartłomiej Ap, Leonard O",82
83,"Boże Ciało, Jakub W Ap, Witalis M, Wszyscy Św",83
1046,"Boże Ciało, Jan Ch",1046
84,"Boże Ciało, Jan Ch, Stanisław Bp, Anna, Barbara PM",84
85,"Boże Ciało, Michał A, Mikołaj Bp",85
86,"Boże Ciało, Mikołaj Bp",86
87,"Boże Ciało, NawNMP",87
88,"Boże Ciało, NMP, Mikołaj Bp, Wszyscy Św",88
89,"Boże Ciało, NMP, Wszyscy Św",89
90,"Boże Ciało, NPNMP",90
91,"Boże Ciało, NPNMP, Mikołaj Bp, Władysław Kr, Barbara PM, Jacek W",91
92,"Boże Ciało, OczNMP, Wszyscy Św, Michał A",92
93,"Boże Ciało, PKrzyża Św",93
94,"Boże Ciało, Wawrzyniec M, Katarzyna PM",94
95,"Boże Ciało, ZwNMP, WnNMP",95
1171,Boże Narodzenie,1171
96,Boży Grób,96
0,[brak informacji],0
97,Bronisława,97
98,Brykcjusz Bp,98
99,Carceris Christi,99
100,Cecylia PM,100
1048,ChrPZbawiciel,1048
1018,Chrystus Kr,1018
1168,"Chrystus Kr, Jan Ch",1168
101,Chrystus Odkupiciel,101
102,Coena Domini,102
1040,Cyryl i Metody BBpWW,1040
103,DKrzyża Św,103
1131,Dobry Pasterz,1131
104,Dominik W,104
105,"Dominik W, Józef OblNMP",105
106,Dorota PM,106
1133,"Dorota PM, Jacek W",1133
107,"Dorota PM, Jan Ch",107
108,"Dorota PM, Juda Tadeusz Ap",108
109,"Dorota PM, Michał A",109
110,"Dorota PM, Stanisław, Mikołaj BBp",110
111,"Dorota PM, Szymon i Juda Tadeusz AAp",111
112,Dzieciątko Jezus,112
113,Eliasz Prorok,113
114,Elżbieta,114
115,Elżbieta Turyngska,115
116,Elżbieta Wd,116
117,Erazm M,117
118,"Fabian, Sebastian MM",118
119,"Fabian, Sebastian MM, Boże Ciało",119
120,"Fabian, Sebastian MM, Roch W",120
121,Feliks i Adaukt MM,121
122,Feliks M,122
123,Feliks Walezy,123
125,"Filip, Jakub Mn AAp",125
126,"Filip, Jakub Mn AAp, Katarzyna PM",126
127,"Filip, Jakub Mn AAp, Maria Magdalena",127
128,"Filip, Jakub Mn Ap, Mikołaj Bp",128
129,"Filip, Jakub Mn, Jakub W AAp",129
130,"Filip, Jakub Mn, Mateusz AAp",130
124,Filip Nereusz,124
1122,"Filip Nereusz, Jan Ch",1122
131,Florian M,131
132,"Florian M, Jadwiga Wd",132
133,"Florian M, Katarzyna PM",133
134,"Florian M, Mikołaj Bp",134
135,"Florian M, Urszula i 11Tys PPMM",135
136,"Florian M, Urszula PM",136
1041,Franciszek Borgiasz,1041
137,Franciszek Ksawery,137
138,Franciszek Salezy,138
139,Franciszek z A,139
1119,Gerard,1119
140,Gertruda P,140
141,Gotard Bp,141
142,"Gotard Bp, ZwNMP",142
143,Grzegorz Pp,143
144,Helena,144
145,"Helena Cesarzowa, Antoni O",145
1065,"Helena, Stanisław Kostka",1065
146,Hieronim Bp,146
147,Hieronim DrKła,147
148,Hieronim W,148
149,Hubert,149
150,Idzi O,150
1170,"Idzi O, Mikołaj Bp",1170
151,"Idzi O, Stanisław Bp",151
152,Ignacy,152
153,Ignacy L,153
154,Imię Jezus,154
1150,"Imię Jezus, NMP Niepokalanie Poczęta",1150
1066,"Imię Jezus, Wendelin O",1066
155,Imię NMP,155
1162,"Imię NMP, Bartłomiej Ap",1162
156,Izaak M,156
157,Izydor,157
1088,Izydor Oracz,1088
158,Jacek W,158
159,"Jacek W, Jadwiga Wd, Urban M",159
160,"Jacek W, Sebastian M",160
161,"Jacek W, Wawrzyniec M",161
168,"Jadwiga, Elżbieta WWd",168
162,Jadwiga Królowa Polski,162
163,Jadwiga Wd,163
164,"Jadwiga Wd, Andrzej Ap",164
1146,"Jadwiga Wd, Jakub W Ap",1146
165,"Jadwiga Wd, Małgorzata PM",165
166,"Jadwiga Wd, Mikołaj Bp",166
167,"Jadwiga Wd, RozAp",167
1126,"Jadwiga Wd, Stanisław Bp",1126
169,Jakub Ap,169
170,Jakub Mn Ap,170
1053,Jakub Strepa,1053
190,"Jakub W, Andrzej AAp",190
171,Jakub W Ap,171
172,"Jakub W Ap, Anna",172
173,"Jakub W Ap, Barbara, Katarzyna PPMM",173
174,"Jakub W Ap, Dorota PM",174
175,"Jakub W Ap, Erazm Bp",175
176,"Jakub W Ap, Jadwiga Wd",176
177,"Jakub W Ap, Jan Ew",177
178,"Jakub W Ap, Katarzyna PM",178
179,"Jakub W Ap, Marcin Bp",179
180,"Jakub W Ap, Michał A",180
181,"Jakub W Ap, Mikołaj Bp",181
182,"Jakub W Ap, Stanisław Bp",182
183,"Jakub W Ap, Stanisław Kostka",183
184,"Jakub W Ap, Walenty M",184
186,"Jakub W Ap, Wawrzyniec, Fabian, Sebastian MM, Antoni Eremita, Wszyscy Św",186
185,"Jakub W Ap, Wawrzyniec M, Dorota PM",185
187,"Jakub W Ap, WnNMP",187
188,"Jakub W Ap, Wojciech Bp",188
189,"Jakub W Ap, Zygmunt Kr",189
191,"Jakub W, Bartłomiej AAp",191
192,Jan,192
193,Jan Ante Portam Latinam,193
1054,Jan Ap,1054
194,"Jan Ap, Marcin Bp",194
1121,Jan Ap w Oleju,1121
1102,Jan ApEw,1102
1073,Jan Bosko,1073
195,Jan Boży,195
196,Jan Ch,196
197,"Jan Ch, Aleksander Bp, Wszyscy Św",197
198,"Jan Ch, Andrzej Ap",198
199,"Jan Ch, Andrzej Ap, Elżbieta Wd",199
200,"Jan Ch, Anna",200
201,"Jan Ch, Anna, NMPS",201
202,"Jan Ch, Augustyn Bp",202
203,"Jan Ch, Barbara PM",203
204,"Jan Ch, Bartłomiej Ap",204
205,"Jan Ch, Dionizy M",205
206,"Jan Ch, Dorota PM",206
207,"Jan Ch, Idzi O",207
1087,"Jan Ch, Jan Ap",1087
208,"Jan Ch, Jan Ew",208
209,"Jan Ch, Jerzy M",209
210,"Jan Ch, Katarzyna PM",210
211,"Jan Ch, Małgorzata PM",211
1063,"Jan Ch, Marcin Bp",1063
212,"Jan Ch, Marcin, Stanisław BBp, Maria Magdalena",212
1058,"Jan Ch, Michał A",1058
213,"Jan Ch, Mikołaj Bp",213
214,"Jan Ch, Mikołaj Bp, Onufry M",214
215,"Jan Ch, Mikołaj, Marcin BBp",215
216,"Jan Ch, NMP",216
217,"Jan Ch, NMP, Barbara PM",217
218,"Jan Ch, NMP, Michał A",218
219,"Jan Ch, Roch W",219
220,"Jan Ch, Stanisław Bp",220
1047,"Jan Ch, Stanisław Bp, Katarzyna PM",1047
221,"Jan Ch, Stanisław, Mikołaj BBp, 11Tys PPMM, Katarzyna PM, Józef",221
222,"Jan Ch, Stanisław, Mikołaj BBp, Bartłomiej Ap, Katarzyna PM, Jadwiga Wd",222
223,"Jan Ch, Stanisław, Mikołaj BBp, Krzysztof M, Anna, Barbara PM",223
224,"Jan Ch, Teodor M",224
225,"Jan Ch, Walenty M",225
226,"Jan Ch, Wojciech Bp",226
227,"Jan Ch, Wojciech, Stanisław BBp",227
228,"Jan Ch, Wszyscy Św",228
229,Jan Ew,229
230,"Jan Ew, Dorota PM",230
231,"Jan Ew, Jakub Ap",231
232,"Jan Ew, Katarzyna PM",232
233,"Jan Ew, Maria Magdalena, 40 MM",233
234,"Jan Ew, Stanisław Bp",234
1070,Jan Gwalbert,1070
1112,Jan i Paweł MM,1112
235,Jan Jał,235
1145,Jan Jerozolimski za Murami,1145
236,Jan Kanty,236
237,Jan M,237
238,Jan N,238
239,"Jan N, Antoni W",239
240,"Jan N, Ignacy L",240
1022,Jan Vianney,1022
1027,JChrUkrzyżowany,1027
241,Jerzy M,241
242,"Jerzy M, PKrzyża Św",242
243,"Jerzy M, Władysław",243
244,"Jerzy M, Wojciech Bp",244
245,"Jerzy, Walenty MM",245
246,Jezus Chrystus,246
248,"Jezus, Maria, Józef",248
249,"Jezus, NMP, Józef",249
247,Jezus Ukrzyżowany,247
250,Joachim,250
251,"Joachim, Anna",251
252,"Joachim, Kajetan",252
253,Jodok P,253
1096,Jozafat BpM,1096
1089,"Jozafat BpM, Prakseda P",1089
254,Józef,254
258,"Józef, Aleksander Bp, Kazimierz Królewicz, Jerzy M, NMP, Jadwiga Wd, Barbara PM",258
259,"Józef, Mikołaj Bp",259
260,"Józef, Nikodem",260
255,Józef OblNMP,255
1035,"Józef OblNMP, Michał A, Małgorzata PM",1035
256,"Józef OblNMP, Zygmunt Kr, Kazimierz Królewicz",256
261,"Józef, Sebastian M",261
257,Józef W,257
262,Juda Tadeusz Ap,262
1111,Juliusz,1111
263,Just M,263
264,Justyn M,264
1050,Justyna PM,1050
265,Kajetan W,265
266,Karol Boromeusz,266
267,Katarzyna Aleksandryjska,267
274,"Katarzyna, Barbara PPMM",274
275,"Katarzyna, Małgorzata PPMM",275
268,Katarzyna PM,268
269,"Katarzyna PM, Bartłomiej Ap",269
270,"Katarzyna PM, Jacek W",270
271,"Katarzyna PM, Kazimierz Królewicz",271
272,"Katarzyna PM, Maria Magdalena",272
273,"Katarzyna PM, Walenty Bp, Wawrzyniec MM",273
1156,Katarzyna ze Sieny,1156
276,Kazimierz Królewicz,276
277,"Kazimierz Królewicz, Barbara PM",277
278,"Kazimierz Królewicz, Józef",278
279,"Kazimierz Królewicz, Katarzyna PM",279
280,"Kazimierz Królewicz, Rafał A",280
281,"Kazimierz Królewicz, WnNMP",281
1036,Klara z Asyżu,1036
1116,Klemens Dworzak,1116
1141,"Klemens Dworzak, Aniołowie Stróże",1141
282,"Klemens M, Stanisław Bp",282
283,Klemens Pp,283
284,"Klemens Pp, Małgorzata PM",284
285,Kosma i Damian MM,285
1144,Krew Pana Jezusa,1144
286,Krystyn M,286
287,Krzysztof M,287
288,Ksawery,288
289,Kunegunda Wd,289
290,Lambert Bp,290
292,Leonard O,292
293,"Leonard O, 10TysRycerzy MM",293
294,"Leonard O, Jan Ch",294
295,"Leonard O, Katarzyna PM",295
1136,"Leonard O, Małgorzata PM",1136
296,"Leonard O, Marcin Bp",296
297,"Leonard O, Maria Magdalena",297
1037,"Leonard O, Michał A, Wojciech Bp, Walenty M",1037
298,Ludwik Kr,298
299,"Ludwik Kr, Jan Ch",299
1108,Ludwika Marillac,1108
291,Łazarz,291
300,Łukasz Ap,300
301,Łukasz Ew,301
302,Maciej Ap,302
303,"Maciej Ap, Augustyn Bp",303
304,"Maciej Ap, Jadwiga Wd",304
305,"Maciej Ap, Katarzyna PM",305
306,"Maciej Ap, Małgorzata PM",306
307,"Maciej Ap, Wszyscy Św",307
308,"Maciej Bp, Małgorzata PM, PPańskie",308
309,"Maciej, Mateusz AAp",309
1075,Macierzyństwo NMP,1075
310,Małgorzata  PM,310
320,"Małgorzata, Dorota PPMM",320
321,"Małgorzata, Katarzyna PPMM",321
311,Małgorzata PM,311
312,"Małgorzata PM, Andrzej Ap",312
313,"Małgorzata PM, Jadwiga Wd",313
314,"Małgorzata PM, Leonard O",314
315,"Małgorzata PM, Marcin Bp",315
316,"Małgorzata PM, Mikołaj Bp",316
317,"Małgorzata PM, Rozalia P",317
318,"Małgorzata PM, Stanisław Bp",318
319,"Małgorzata PM, Wawrzyniec M",319
322,Marcin Bp,322
323,"Marcin Bp, Anna",323
324,"Marcin Bp, Barbara PM",324
325,"Marcin Bp, Bartłomiej Ap",325
326,"Marcin Bp, Dorota PM",326
327,"Marcin Bp, Elżbieta Wd",327
328,"Marcin Bp, Małgorzata PM",328
329,"Marcin Bp, Maria Magdalena",329
330,"Marcin Bp, Pięciu Braci MM",330
331,"Marcin Bp, Piotr wO",331
332,"Marcin Bp, Roch W",332
333,"Marcin Bp, Rozalia P",333
334,"Marcin Bp, Wincenty M",334
335,"Marcin Bp, Zofia M",335
336,"Marcin, Mikołaj BBp",336
337,"Marcin, Stanisław BBp, Wawrzyniec M, Maria Magdalena",337
338,Marek Ew,338
1042,"Marek Ew, Anna",1042
339,Maria Magdalena,339
340,"Maria Magdalena, Andrzej Ap",340
341,"Maria Magdalena, Barbara PM",341
342,"Maria Magdalena, Klemens Pp",342
343,"Maria Magdalena, Mikołaj Bp",343
344,"Maria Magdalena, Roch W",344
345,"Maria Magdalena, Stanisław Bp",345
346,Marta P,346
347,Martynian M,347
348,"Matern Bp, Benedykt O",348
349,Mateusz Ap,349
350,"Mateusz Ap, Katarzyna PM",350
351,"Mateusz Ap, Małgorzata PM",351
352,"Mateusz Ap, Maria Magdalena",352
353,"Mateusz Ap, Wawrzyniec M",353
1160,Mateusz ApEw,1160
354,"Mateusz, Maciej AAp",354
355,Maurycy M,355
356,Maurycy M i Tow,356
1154,Męka Pańska,1154
357,Michał A,357
358,"Michał A, 11TysRycerzy MM",358
359,"Michał A, Agnieszka",359
360,"Michał A, Aniołowie",360
361,"Michał A, Aniołowie Stróże",361
1099,"Michał A, Anna",1099
362,"Michał A, Jadwiga Wd",362
363,"Michał A, Jan Ch",363
364,"Michał A, Jan N",364
365,"Michał A, Jerzy M",365
1062,"Michał A, Józef OblNMP",1062
366,"Michał A, Małgorzata PM",366
367,"Michał A, Maria Magdalena",367
368,"Michał A, Mateusz Ap, Augustyn Bp, Tomasz z Villanova",368
369,"Michał A, NMP",369
370,"Michał A, NMP, Andrzej Ap, Zofia",370
371,"Michał A, Piotr i Paweł AAp",371
372,"Michał A, PKrzyża Św",372
373,"Michał A, Roch W",373
374,"Michał A, RozAp",374
375,"Michał A, Stanisław Bp",375
376,"Michał A, Wszyscy Św, Aniołowie i Archaniołowie, Czterej Ew, Damian M",376
377,Mikołaj Bp,377
378,"Mikołaj Bp, Anna",378
379,"Mikołaj Bp, Barbara PM",379
380,"Mikołaj Bp, Bartłomiej Ap, 10Tys MM",380
381,"Mikołaj Bp, Dorota PM",381
382,"Mikołaj Bp, Filip, Jakub Mn AAp",382
383,"Mikołaj Bp, Florian M",383
384,"Mikołaj Bp, Idzi O",384
385,"Mikołaj Bp, Jadwiga Wd",385
386,"Mikołaj Bp, Jan Ch",386
387,"Mikołaj Bp, Jan Ew",387
388,"Mikołaj Bp, Jan N",388
389,"Mikołaj Bp, Józef",389
390,"Mikołaj Bp, Katarzyna PM",390
391,"Mikołaj Bp, Kazimierz Królewicz",391
393,"Mikołaj Bp, Małgorzata, Barbara PPM",393
392,"Mikołaj Bp, Małgorzata PM",392
394,"Mikołaj Bp, Maria Magdalena",394
1124,"Mikołaj Bp, NawNMP",1124
395,"Mikołaj Bp, Roch W",395
396,"Mikołaj Bp, Sebastian M",396
397,"Mikołaj Bp, Szymon Ap",397
398,"Mikołaj Bp, Wawrzyniec M",398
399,"Mikołaj Bp, WnNMP",399
400,"Mikołaj Bp, Zofia M",400
401,"Mikołaj, Marcin BBp",401
402,"Mikołaj, Wojciech BBp",402
403,"Mikołaj, Wojciech, Stanisław BBp, Małgorzata PM",403
404,MiłBoże,404
405,"MiłBoże, NMP",405
406,"Miłosierdzie Jezusa, NMP",406
1092,Najczystsze Serce NMP,1092
407,NariZwNMP,407
408,NarJana Ch,408
409,NarJezusa Chrystusa,409
410,NarNMP,410
411,"NarNMP, Andrzej Ap",411
412,"NarNMP, Anna, Jakub W Ap, Mikołaj Bp, Walenty M",412
413,"NarNMP, Hieronim DrKła, Jadwiga Wd",413
414,"NarNMP, Jan Ch",414
415,"NarNMP, Jan Ch, Bernard O, Zofia M",415
416,"NarNMP, Jan Ch, Elżbieta Wd",416
417,"NarNMP, Jan Ch, Stanisław Bp",417
418,"NarNMP, Jan Ew, Andrzej Ap, Apolonia",418
419,"NarNMP, Jan Ew, Jakub W Ap",419
420,"NarNMP, Jan N",420
421,"NarNMP, Jerzy M",421
422,"NarNMP, Małgorzata PM",422
423,"NarNMP, Michał A",423
424,"NarNMP, Mikołaj Bp",424
425,"NarNMP, Mikołaj Bp, Trzej Królowie",425
426,"NarNMP, NawNMP",426
427,"NarNMP, NMPŚ",427
429,"NarNMP, Piotr, Barłomiej AAp",429
428,"NarNMP, Piotr i Paweł AAp",428
430,"NarNMP, Sebastian M",430
431,"NarNMP, Stanisław Bp",431
1068,"NarNMP, Św. Trójca",1068
1091,"NarNMP, Wacław Kr",1091
1079,"NarNMP, Walenty M",1079
432,"NarNMP, Wawrzyniec M",432
1140,"NarNMP, Witalis M",1140
433,"NarNMP, Wojciech Bp",433
434,"NarNMP, Wojciech, Stanisław BBp",434
435,NawNMP,435
436,"NawNMP, Agnieszka PM",436
437,"NawNMP, Andrzej Ap, Barbara PM",437
438,"NawNMP, Anna",438
439,"NawNMP, Barbara PM, Klemens Pp",439
440,"NawNMP, Bartłomiej Ap",440
441,"NawNMP, Bartłomiej Ap, Wojciech Bp",441
442,"NawNMP, Grzegorz Pp",442
1074,"NawNMP, Jan Kanty",1074
443,"NawNMP, Jerzy M, Marcin Bp, Mikołaj Bp, Anna",443
444,"NawNMP, Józef",444
445,"NawNMP, Kazimierz Królewicz",445
446,"NawNMP, Leonard O",446
447,"NawNMP, Łukasz Ew, Mikołaj Bp, Barbara PM",447
448,"NawNMP, Marcin Bp",448
449,"NawNMP, Mateusz, Andrzej AAp",449
450,"NawNMP, Michał A",450
451,"NawNMP, Michał A, Stanisław Bp, Katarzyna PM",451
452,"NawNMP, Mikołaj Bp",452
453,"NawNMP, Piotr i Paweł AAp, Jerzy M, Wszyscy Św",453
454,"NawNMP, PKrzyża Św",454
455,"NawNMP, Stanisław Bp, Bernard O",455
456,"NawNMP, Szczepan M",456
457,"NawNMP, Wszyscy Św",457
458,"Nikazy, Chrystus Kr",458
1115,Nikita M,1115
459,NMP,459
465,"NMP, Aleksy W",465
466,"NMP, Andrzej Ap, Jan Ew, Wojciech, Stanisław BBp, Barbara PM",466
467,"NMP, Anna",467
468,"NMP, Anna, Jan Ch",468
469,"NMP, Antoni",469
471,"NMP, Barbara, Katarzyna, Dorota, Małgorzata PPMM",471
470,"NMP, Barbara, Katarzyna PPMM",470
472,"NMP, Bartłomiej Ap",472
473,"NMP, Bartłomiej Ap, Katarzyna PM, 10TysRycerzy MM",473
460,NMP de Portiuncula,460
461,NMP Dzikowska,461
474,"NMP, Fabian, Sebastian MM, Stanisław, Wojciech BBp, Jerzy M, Trzej Królowie",474
475,"NMP, Franciszek z A, Jan Ew, Wawrzyniec M",475
476,"NMP, Jadwiga Wd",476
477,"NMP, Jakub W Ap",477
478,"NMP, Jan Ch",478
479,"NMP, Jan Ch, Antoni O, Tekla PM",479
480,"NMP, Jan Ch, Jan Ew",480
481,"NMP, Jan Ch, Jan Ew, Piotr i Paweł AAp, Marcin, Mikołaj BBp",481
482,"NMP, Jan Ch, Maciej Ap, Erazm Bp, Zygmunt Kr, Mikołaj Bp, Leonard O",482
483,"NMP, Jan Ch, Michał A",483
484,"NMP, Jan Ew, Jerzy M",484
485,"NMP, Jan N",485
486,"NMP, Jerzy M",486
487,"NMP, Józef",487
490,"NMP, Katarzyna, Barbara PPMM",490
491,"NMP, Katarzyna, Magdalena PPMM",491
492,"NMP, Katarzyna, Małgorzata PPMM",492
488,"NMP, Katarzyna PM",488
489,"NMP, Katarzyna PM, Mikołaj Bp",489
1033,NMP Królowa Anielska,1033
462,NMP Królowa Aniołów,462
1016,NMP Królowa Korony Polskiej,1016
1012,NMP Królowa Polski,1012
1059,"NMP Królowa Polski, Józef",1059
1072,"NMP Królowa Polski, Michał A",1072
1020,NMP Królowa Różańca Św,1020
1024,NMP Loretańska,1024
493,"NMP, Marcin Bp",493
494,"NMP, Maria Magdalena",494
495,"NMP, Michał A, Leonard O, Mikołaj Bp, Barbara PM",495
496,"NMP, Michał A, Wacław Kr",496
497,"NMP, Mikołaj Bp",497
498,"NMP, Mikołaj Bp, Barbara PM",498
499,"NMP, Mikołaj Bp, Jerzy M",499
500,"NMP, Mikołaj, Stanisław BBp",500
1086,NMP Niepokalanie Poczęta,1086
1015,NMP Nieustającej Pomocy,1015
1080,"NMP Nieustającej Pomocy, Józef",1080
501,"NMP, Piotr i Paweł AAp",501
1085,NMP Pocieszenia,1085
1152,NMP przy Żłóbku,1152
463,NMP Sokalska,463
502,"NMP, Stanisław Bp, Anna, Katarzyna PM, Mikołaj Bp, Wszyscy Św",502
503,"NMP, Stanisław Bp, Piotr i Paweł AAp, Dorota PM",503
504,"NMP, Stanisław Bp, Wacław Kr",504
505,"NMP, Stanisław, Wojciech BBp, Jan Ch, Mikołaj Bp",505
506,"NMP, Szymon i Juda Tadeusz AAp",506
507,"NMP, Szymon i Juda Tadeusz AAp, Jan Ch",507
1106,NMP Ucieczka Grzesznych,1106
508,"NMP, Walenty M",508
509,"NMP, Wawrzyniec M",509
510,"NMP, Wawrzyniec M, Małgorzata PM",510
511,"NMP, Wawrzyniec M, Mikołaj Bp",511
1084,NMP Wniebowzięta,1084
1169,NMP Wniebowzięta i z Góry Karmel,1169
512,"NMP, Wojciech Bp",512
513,"NMP, Wojciech Bp, Barbara PM",513
514,"NMP, Wszyscy Św",514
515,"NMP, Wszyscy Św, Bartłomiej Ap",515
516,"NMP, Wszyscy Św, Św. Krzyż",516
464,NMP z Góry Karmel,464
1083,"NMP z Góry Karmel, Józef",1083
1023,NMP z Lourdes,1023
1143,"NMP Zwycięska, Królowa Korony Polski",1143
1130,NMP Zwycięska Królowa Polski,1130
517,"NMP, Zygmunt Kr, Jadwiga Wd",517
518,NMPA,518
519,"NMPA, Agnieszka PM",519
520,NMPB,520
521,"NMPB, Stanisław, Mikołaj BBp",521
522,NMPCz,522
1038,NMPG,1038
523,NMPŁ,523
524,NMPOstrobramska,524
525,NMPR,525
526,"NMPR, Leonard O",526
527,NMPS,527
1031,"NMPS, Dominik W",1031
1060,"NMPS, Jan N",1060
530,"NMPS, Jerzy M",530
528,NMPŚ,528
529,"NMPŚ, Jadwiga Wd",529
531,"NMPŚ, Zofia M",531
1019,NMPWW,1019
532,NPawła Ap,532
533,"NPawła Ap, Antoni Pad",533
1134,"NPawła Ap, NawNMP",1134
534,NPNMP,534
535,"NPNMP, Andrzej Ap, Stanisław Bp, Anna",535
536,"NPNMP, Anna, Mikołaj Bp, Stanisław Bp, Walenty, Zofia MM",536
537,"NPNMP, Dorota PM, Marcin Bp",537
538,"NPNMP, Idzi O",538
539,"NPNMP, Ignacy L",539
540,"NPNMP, Jakub W Ap",540
541,"NPNMP, Jan Ew",541
1069,"NPNMP, Józef, Mateusz Ap",1069
1034,"NPNMP, Józef OblNMP",1034
542,"NPNMP, Maria Magdalena",542
543,"NPNMP, Michał A, Jan Ch, Anna, Dorota PM",543
544,"NPNMP, Michał A, Jan Ch, Jan Ew",544
545,"NPNMP, Mikołaj Bp",545
546,"NPNMP, NarNMP, WnNMP, Piotr i Paweł AAp, Zygmunt Kr, Marcin, Mikołaj BBp, Wszyscy Św",546
547,"NPNMP, Piotr i Paweł AAp, Mikołaj Bp, Anna",547
1120,"NPNMP, Restytut BpM",1120
548,"NPNMP, Stanisław",548
549,"NPNMP, Stanisław Bp",549
550,"NPNMP, Stanisław Bp, Jadwiga Wd, Katarzyna",550
1043,"NPNMP, Stanisław Bp, Zofia M",1043
1030,"NPNMP, Wawrzyniec M",1030
551,"NPNMP, Wawrzyniec M, Hieronim DrKła",551
552,"NPNMP, Wojciech Bp",552
553,"NPNMP, Wszyscy Św, Karol Boromeusz",553
1014,NSJ,1014
1097,"NSJ, Jozafat BpM",1097
1129,"NSJ, Maria Małgorzata Alacoque",1129
1157,"NSJ, NMP Nieustającej Pomocy",1157
1021,NSPJ,1021
1118,Objawienie Pańskie,1118
554,"ObjNMP, Joachim, Józef OblNMP",554
555,OBoża,555
556,"OBoża, Wawrzyniec, Stefan MM",556
557,OczNMP,557
558,"OczNMP, Mateusz Ap, Maria Magdalena",558
559,"OczNMP, Wawrzyniec M",559
560,OfNMP,560
561,"OfNMP, Jan Ch, Elżbieta",561
562,"OfNMP, Michał A",562
563,Ogrójec,563
1161,Oliwna Góra,1161
564,Onufry P,564
565,Onufry W,565
1026,OpJózefa,1026
1132,"OpJózefa, Maria Magdalena",1132
1057,OpJózefa OblNMP,1057
566,OpNMP,566
567,"OpNMP, Piotr i Paweł AAp",567
1142,Osawld Kr,1142
568,Oswald Bp,568
569,Otylia PM,569
570,Pan Jezus,570
572,"Pankracy, Erazm MM",572
571,Pankracy M,571
1164,Paweł Ap,1164
573,Pięciu Braci MM,573
574,Piotr Ap,574
575,Piotr i Paweł AAp,575
1148,"Piotr i Paweł AAp, Chrystus Kr",1148
576,"Piotr i Paweł AAp, Florian M",576
577,"Piotr i Paweł AAp, Izydor W",577
578,"Piotr i Paweł AAp, Jan Ch, Michał A",578
579,"Piotr i Paweł AAp, Juda Tadeusz AAp, Wawrzyniec M, Maria Magdalena",579
580,"Piotr i Paweł AAp, Katarzyna PM",580
581,"Piotr i Paweł AAp, Mikołaj Bp, Jerzy M",581
582,"Piotr i Paweł AAp, NarNMP",582
583,"Piotr i Paweł AAp, NMP",583
584,"Piotr i Paweł AAp, Rafał A",584
585,"Piotr i Paweł AAp, Stanisław Bp",585
586,"Piotr i Paweł, Andrzej AAp",586
587,Piotr wO,587
1045,"Piotr z Alkantary, Antoni Pad",1045
1103,Pius V Pp,1103
588,PKrzyża Św,588
589,"PKrzyża Św, Jan Ch",589
590,"PKrzyża Św, Mikołaj Bp",590
591,"PKrzyża Św, Mikołaj Bp, Agnieszka PM",591
592,"PKrzyża Św, NMP",592
1081,"PKrzyża Św, OpJózefa",1081
1090,"PKrzyża Św, OpJózefa OblNMP",1090
593,"PKrzyża Św, WnNMP, Antoni, Józef, Adam, Anna, Kunegunda Wd, Urszula PM",593
594,"PKrzyża Św, ZKrzyża Św",594
595,PocNMP,595
1078,"PocNMP, Agnieszka PM",1078
596,"PocNMP, Augustyn Bp",596
597,PPańskie,597
598,"PPańskie, Bartłomiej Ap",598
599,"PPańskie, Mateusz, Andrzej AAp, Urszula PM",599
1082,"PPańskie, NMPS",1082
600,"PPańskie, OfNMP",600
601,"PPańskie, PKrzyża Św",601
602,"PPańskie, Stanisław Bp",602
603,"PPańskie, Św. Trójca",603
604,"PPańskie, WnNMP, Zygmunt Kr",604
605,"PPańskie, Wojciech Bp",605
606,Prakseda P,606
607,Prokop M,607
608,Przeniesienie Relikwi Św. Stanisława Bpa,608
1167,Przeniesienie Relikwii Stanisława Bp,1167
609,Przeniesienie Relikwii Św. Stanisława Bpa,609
610,Rafał A,610
1114,Rajmund Nonnat,1114
611,Roch W,611
612,"Roch W, Fabian, Sebastian MM",612
613,"Roch W, Kazimierz Królewicz",613
614,"Roch W, Sebastian M",614
615,"Roch W, Sebastian M, Rozalia P",615
616,"Roch W, Stanisław Bp",616
617,"Roch W, Walenty M ",617
1055,Roman Rzymski M,1055
618,Rozalia P,618
619,"Rozalia P, Sebastian M, Roch W",619
620,RozAp,620
621,"RozAp, Maria Magdalena",621
622,Rupert Bp,622
1049,Sabina M,1049
623,Salomea,623
624,Salwator,624
625,"Salwator, RozAp",625
628,Sebastian M,628
629,"Sebastian M, Jadwiga Ks",629
630,"Sebastian M, Jadwiga Wd",630
631,"Sebastian M, Roch W",631
632,"Sebastian M, Roch W, Rozalia P",632
633,"Sebastian, Wawrzyniec MM",633
634,Serce Jezusa,634
635,Serce Pana Jezusa,635
1025,Siedem Boleści NMP,1025
1125,"Siedem Boleści NMP, Wit M",1125
636,Stanisław Bp,636
637,"Stanisław Bp, Anna",637
638,"Stanisław Bp, Antoni O",638
639,"Stanisław Bp, Antoni O, Roch W",639
640,"Stanisław Bp, Antoni Pad",640
641,"Stanisław Bp, Barbara, Dorota PPMM",641
642,"Stanisław Bp, Dominik W",642
643,"Stanisław Bp, Dorota PM",643
644,"Stanisław Bp, Franciszek z A",644
645,"Stanisław Bp, Jadwiga Wd",645
646,"Stanisław Bp, Jan Ch",646
647,"Stanisław Bp, Jan N",647
648,"Stanisław Bp, Katarzyna PM",648
649,"Stanisław Bp, Maria Magdalena",649
650,"Stanisław Bp, Michał A",650
651,"Stanisław Bp, NarNMP",651
652,"Stanisław Bp, Piotr i Paweł AAp",652
653,"Stanisław Bp, Rozalia P",653
654,"Stanisław Bp, Stanisław Kostka",654
655,"Stanisław Bp, Św. Krzyż",655
656,"Stanisław Bp, Tekla PM",656
1139,"Stanisław Bp, Teresa od Dzieciątka Jezus",1139
657,"Stanisław Bp, Walenty M",657
658,"Stanisław Bp, Władysław Kr",658
659,Stanisław Kostka,659
660,"Stanisław, Marcin BBp",660
661,"Stanisław, Mikołaj BBp",661
662,"Stanisław, Wojciech BBp",662
663,"Stanisław, Wojciech BBp, Florian M, Kazimierz Królewicz",663
664,Stefan,664
1127,Stefan Kr,1127
665,Stefan M,665
666,"Stefan M, Anna",666
667,"Stefan M, Urszula PM, Prokop M",667
668,Stygmaty Franciszka z A,668
787,Szczepan M,787
1113,"Szczepan M, Anna",1113
788,"Szczepan, Wawrzyniec MM",788
1095,"Szczepan, Zofia MM
",1095
789,Szymon i Juda Tadeusz AAp,789
790,"Szymon i Juda Tadeusz AAp, Anna",790
791,"Szymon i Juda Tadeusz AAp, Hieronim Bp",791
792,"Szymon i Juda Tadeusz AAp, Mikołaj Bp",792
793,Szymon z Lipnicy,793
626,Ścięcie Jana Ch,626
627,"Ścięcie Jana Ch, Maria Magdalena",627
669,Św. Duch,669
670,"Św. Duch, Andrzej Ap, Mikołaj Bp",670
671,"Św. Duch, Anna",671
672,"Św. Duch, Barbara PM",672
673,"Św. Duch, Katarzyna PM",673
674,"Św. Duch, Katarzyna PM, Sylwester Pp, Stanisław, Mikołaj, Marcin BBp, Jan Jał, Anna",674
675,"Św. Duch, Leonard O",675
690,Św. Duch. Leonard O,690
676,"Św. Duch, Maria Magdalena",676
677,"Św. Duch, NarNMP",677
678,"Św. Duch, NawNMP, Józef OblNMP",678
679,"Św. Duch, NMP, Wawrzyniec M",679
680,"Św. Duch, NMPB",680
681,"Św. Duch, NPNMP",681
682,"Św. Duch, PPańskie",682
683,"Św. Duch, Św. Krzyż",683
684,"Św. Duch, Św. Krzyż, Jan Ch, 10TysRycerzy MM, Leonard O, Zofia M z Córkami, Apolonia, Otylia PPMM",684
685,"Św. Duch, Walenty M",685
686,"Św. Duch, WnNMP",686
687,"Św. Duch, WnNMP, Jan Ch, Katarzyna PM",687
688,"Św. Duch, WnNMP, Zygmunt Kr",688
689,"Św. Duch, Wszyscy Św",689
691,Św. Krzyż,691
692,"Św. Krzyż, Andrzej Ap",692
693,"Św. Krzyż, Jan Ch",693
694,"Św. Krzyż, Katarzyna PM",694
695,"Św. Krzyż, Maria Magdalena",695
696,"Św. Krzyż, Michał A",696
697,"Św. Krzyż, Michał A, Mikołaj Bp",697
698,"Św. Krzyż, Mikołaj Bp",698
699,"Św. Krzyż, NarNMP",699
700,"Św. Krzyż, NMP",700
701,"Św. Krzyż, NMP, Katarzyna PM",701
702,"Św. Krzyż, Piotr i Paweł AAp",702
703,"Św. Krzyż, Piotr i Paweł AAp, Jadwiga Wd",703
704,"Św. Krzyż, Piotr i Paweł AAp, Św. Trójca, NawNMP",704
705,"Św. Krzyż, Stanisław Bp",705
706,"Św. Krzyż, Św. Trójca",706
707,"Św. Krzyż, Św. Trójca, WnNMP, Jan Ch, Jan Ew, Anna, Mikołaj Bp, Wszyscy Św",707
708,"Św. Krzyż, Wawrzyniec M",708
709,"Św. Krzyż, Wawrzyniec M, Jan Ch, Jadwiga Wd",709
710,"Św. Krzyż, WnNMP",710
711,"Św. Krzyż, WnNMP, Bartłomiej Ap, Anna, Mikołaj Bp, Tyburcjusz, Walerian, Maksym MM, Wszyscy Św",711
712,"Św. Krzyż, WnNMP, Jan Ew, Maria Magdalena, Antoni O, Katarzyna PM, Leonard O, Wszyscy Św",712
713,"Św. Krzyż, WnNMP, Piotr i Paweł AAp, Jan Ew, Anna, Stanisław Bp, Leonard O",713
714,"Św. Krzyż, Wojciech Bp",714
715,"Św. Krzyż, Wojciech Bp, Maria Magdalena",715
716,"Św. Krzyż, Wszyscy Św",716
717,"Św. Krzyż, ZwNMP",717
1028,Św. Rodzina,1028
1064,"Św. Rodzina, Piotr i Paweł AAp",1064
718,Św. Trójca,718
719,"Św. Trójca, Andrzej Ap, Elżbieta Wd",719
720,"Św. Trójca, Anna, Antoni O",720
721,"Św. Trójca, Antoni Pad",721
722,"Św. Trójca, Barbara PM",722
723,"Św. Trójca, Boże Ciało",723
724,"Św. Trójca, Boże Ciało, Hipolit M, Leonard O",724
725,"Św. Trójca, Boże Ciało, Jan Ch, Anna",725
726,"Św. Trójca, Dorota PM, Mikołaj Bp",726
727,"Św. Trójca, Jadwiga Wd",727
728,"Św. Trójca, Jakub W Ap",728
729,"Św. Trójca, Jan Ch",729
730,"Św. Trójca, Jan Ch, Stanisław Bp, Katarzyna PM",730
731,"Św. Trójca, Jan Ch, Wojciech Bp",731
732,"Św. Trójca, Jan Ew",732
733,"Św. Trójca, Jerzy M",733
734,"Św. Trójca, Jerzy M, Anna, ZKrzyża Św",734
735,"Św. Trójca, Józef, Mikołaj Bp",735
736,"Św. Trójca, Katarzyna, Barbara PPMM",736
737,"Św. Trójca, Leonard O",737
738,"Św. Trójca, Maciej Ap",738
739,"Św. Trójca, Maria Magdalena",739
740,"Św. Trójca, Maria Magdalena, Mateusz Ap",740
741,"Św. Trójca, Mateusz, Maciej AAp",741
742,"Św. Trójca, Michał A",742
743,"Św. Trójca, Michał A, Jan Ch, Dorota PM",743
744,"Św. Trójca, Michał A, Katarzyna PM",744
745,"Św. Trójca, Mikołaj Bp",745
746,"Św. Trójca, Mikołaj Bp, Zofia",746
747,"Św. Trójca, NarNMP",747
748,"Św. Trójca, NarNMP, Anna, Trzej Królowie, Stanisław Bp, Mikołaj Bp, Katarzyna, Barbara PPMM",748
749,"Św. Trójca, NawNMP",749
750,"Św. Trójca, NawNMP, Stanisław Bp",750
751,"Św. Trójca, NMP",751
752,"Św. Trójca, NMP, Andrzej Ap, Agnieszka PM",752
753,"Św. Trójca, NMP, Mikołaj Bp",753
754,"Św. Trójca, NMP, Piotr i Paweł, Jakub W, Jakub Mn AAp",754
755,"Św. Trójca, NMP, Szymon i Juda Tadeusz AAp, Katarzyna PM, Wszyscy Św",755
756,"Św. Trójca, NPNMP",756
757,"Św. Trójca, NPNMP, Jan Ch, Wszyscy Św",757
758,"Św. Trójca, Piotr i  Paweł AAp",758
759,"Św. Trójca, Piotr i Paweł AAp",759
760,"Św. Trójca, Piotr i Paweł AAp, WnNMP, Andrzej Ap, Wszyscy Św",760
761,"Św. Trójca, PKrzyża Św",761
762,"Św. Trójca, PPańskie",762
763,"Św. Trójca, PPańskie, Dorota, Urszula i 11Tys PPMM, Jan N",763
764,"Św. Trójca, Rafał A",764
765,"Św. Trójca, Stanisław Bp",765
766,"Św. Trójca, Stanisław Bp, Zygmunt Kr",766
767,"Św. Trójca, Stanisław, Mikołaj BBp, Jan Ch, Michał A, Wszyscy Św",767
768,"Św. Trójca, Św. Krzyż",768
769,"Św. Trójca, Walenty M",769
770,"Św. Trójca, Walenty, Sebastian MM",770
771,"Św. Trójca, Wawrzyniec M",771
772,"Św. Trójca, Wawrzyniec M, Elżbieta Wd",772
773,"Św. Trójca, WnNMP",773
774,"Św. Trójca, WnNMP, Jakub W Ap, Florian M",774
775,"Św. Trójca, WnNMP, Jan Ch",775
776,"Św. Trójca, WnNMP, Jan Ch, Jan Ew, Wawrzyniec M, Marcin, Mikołaj BBp",776
777,"Św. Trójca, WnNMP, Jan Ch, Józef, Juda Tadeusz Ap, Stanisław Bp, Barbara PM",777
778,"Św. Trójca, WnNMP, Jan Ch, Mikołaj Bp, Erazm, Stanisław Bp, Jan M, Katarzyna,  Barbara PPMM",778
779,"Św. Trójca, WnNMP, Michał A",779
780,"Św. Trójca, WnNMP, Piotr i Paweł AAp",780
781,"Św. Trójca, WnNMP, Rafael A, Adam O, Mikołaj Bp, Hieronim DrKła",781
782,"Św. Trójca, WnNMP, Seweryn i inni",782
783,"Św. Trójca, WnNMP, Stanisław Bp",783
784,"Św. Trójca, WnNMP, Stanisław Bp, Wszyscy Św",784
785,"Św. Trójca, Wojciech Bp",785
786,"Św. Trójca, Wszyscy Św",786
794,Tekla PM,794
1056,Teodor M,1056
1013,Teresa od Dzieciątka Jezus,1013
1109,"Teresa od Dzieciątka Jezus, Andrzej Bobola",1109
795,Teresa P,795
1123,"Teresa P, Katarzyna PM",1123
796,Teresa PM,796
797,Tomasz Ap,797
798,"Tomasz Ap, Jan Ch",798
1094,"Tomasz Ap, Stanisław Bp",1094
799,Tomasz Becket,799
800,Tomasz Becket Bp,800
801,Tomasz Kantuareński,801
802,Tomasz Kantuareński Bp,802
803,"Tomasz Kantuareński Bp, Małgorzata PM",803
804,Tomasz z Akwinu,804
1029,Tomasz z Villanova,1029
805,Trzej Królowie,805
806,"Trzej Królowie, Anna, Jakub W Ap",806
807,"Trzej Królowie, Katarzyna PM",807
808,"Trzej Królowie, Stanisław Bp",808
809,"Trzej Królowie, Wawrzyniec M",809
1149,Tymoteusz BpM,1149
810,Ucieczka Józefa do Egiptu,810
811,Ukrzyżowanie Jezusa Chrystusa,811
812,Ukrzyżowany Zbawiciel,812
813,Urban M,813
814,"Urban M, Maria Magdalena",814
1165,Urban PpM zamiast Urban M nr 813,1165
815,Urszula i 11 Tys PPMM,815
816,Urszula i 11Tys PPMM,816
1107,Urszula i Towarzyszki PPMM,1107
817,Urszula P i Tow MM,817
818,Urszula PM,818
819,Urszula PM i 11Tys PPMM,819
820,Urszula PM i Tow,820
821,Urszula PM i Tow MM,821
822,Wacław Kr,822
823,"Wacław Kr, Mikołaj Bp",823
824,"Wacław Kr, Stanisław Bp",824
825,Walenty Bp,825
826,Walenty BpM,826
827,Walenty M,827
828,"Walenty M, Barbara PM",828
829,"Walenty M, Roch W",829
830,"Walenty M, Zofia M z Córkami",830
831,"Walenty, Wawrzyniec MM",831
832,Wawrzyniec M,832
1151,"Wawrzyniec M, Andrzej Ap",1151
1163,"Wawrzyniec M, Antoni Pad",1163
833,"Wawrzyniec M, Dorota PM",833
834,"Wawrzyniec M, Idzi O",834
1135,"Wawrzyniec M, Józef",1135
835,"Wawrzyniec M, Katarzyna PM",835
836,"Wawrzyniec M, Małgorzata PM",836
837,"Wawrzyniec M, Marcin Bp",837
838,"Wawrzyniec M, Maria Magdalena",838
839,"Wawrzyniec M, Mikołaj Bp",839
840,"Wawrzyniec M, Stanisław Bp",840
841,"Wawrzyniec M, Stanisław Bp, Jan Ch",841
842,"Wawrzyniec M, Wojciech Bp",842
843,"Wawrzyniec M, Zofia M",843
844,"Wawrzyniec M, Zygmunt Kr",844
1039,Wendelin O,1039
845,Wiktor,845
846,Wincenty a Paulo,846
851,"Wincenty, Anastazy MM",851
847,Wincenty Bp,847
1128,Wincenty Ferreriusz,1128
848,Wincenty M,848
849,"Wincenty M, Jadwiga Wd",849
1147,"Wincenty M, Marcin Bp",1147
850,"Wincenty M, Maria Magdalena",850
852,Wit M,852
853,"Wit M, Bartłomiej Ap",853
854,"Wit M, Dorota PM, Kazimierz Królewicz",854
858,"Wit, Modest, Krescencja MM",858
855,"Wit, Modest MM",855
856,"Wit, Modest MM, Krescencja PM",856
857,"Wit, Modest MM, Krescencja PM, NPNMP",857
859,Witalis M,859
860,Władysław Kr,860
1158,Władysław z Gielniowa,1158
861,"WniNarNMP, Wacław Kr, Elżbieta Wd, Wszyscy Św",861
862,WnNMP,862
863,"WnNMP, Andrzej Ap",863
864,"WnNMP, Andrzej Ap, Anna, Wawrzyniec M",864
865,"WnNMP, Andrzej Ap, Elżbieta Wd",865
866,"WnNMP, Andrzej Ap, Jerzy M",866
867,"WnNMP, Andrzej, Bartłomiej AAp",867
868,"WnNMP, Andrzej, Piotr AAp, Anna",868
869,"WnNMP, Anna",869
870,"WnNMP, Barbara PM",870
871,"WnNMP, Bartłomiej Ap, Wojciech Bp",871
1044,"WnNMP, Dominik W",1044
872,"WnNMP, Fabian, Sebastian MM",872
873,"WnNMP, Florian M",873
874,"WnNMP, Florian M, Katarzyna PM",874
875,"WnNMP, Florian, Wawrzyniec MM, Wojciech, Stanisław BBp",875
876,"WnNMP, Franciszek z A",876
877,"WnNMP, Geron Bp",877
1159,"WnNMP, Geroncjusz BpM",1159
878,"WnNMP, Jacek W",878
879,"WnNMP, Jakub W Ap",879
880,"WnNMP, Jakub W Ap, Barbara PM, Urszula PM i 11Tys PPMM",880
881,"WnNMP, Jakub W Ap, Leonard O",881
882,"WnNMP, Jan Ch",882
883,"WnNMP, Jan Ch, Barbara PM",883
884,"WnNMP, Jan Ch, Jan Ew",884
885,"WnNMP, Jan Ch, Jan Ew, Adrian M",885
886,"WnNMP, Jan Ch, Małgorzata i Urszula PPMM",886
887,"WnNMP, Jan Ch, Maria Magdalena",887
888,"WnNMP, Jan Ch, Mikołaj Bp",888
889,"WnNMP, Jan Ch, Piotr i Paweł AAp",889
890,"WnNMP, Jan Kanty, Małgorzata PM",890
891,"WnNMP, Jerzy M",891
1098,"WnNMP, Jozafat BpM",1098
892,"WnNMP, Józef",892
894,"WnNMP, Katarzyna, Barbara, Dorota PPMM, Mikołaj, Marcin BBp",894
1110,"WnNMP, Katarzyna, Barbara PPMM",1110
893,"WnNMP, Katarzyna PM",893
895,"WnNMP, Klemens Pp",895
896,"WnNMP, Krzysztof M, Anna, Dorota PM",896
897,"WnNMP, Leonard O",897
898,"WnNMP, Małgorzata PM",898
899,"WnNMP, Marcin Bp",899
900,"WnNMP, Mateusz Ap",900
901,"WnNMP, Michał A",901
902,"WnNMP, Michał A, Mikołaj Bp",902
903,"WnNMP, Mikołaj Bp",903
904,"WnNMP, Mikołaj Bp, Jerzy M",904
905,"WnNMP, Mikołaj Bp, Katarzyna, Barbara PPMM",905
906,"WnNMP, NMP, Stanisław Bp, Andrzej Ap, Dorota PM",906
907,"WnNMP, NPawła",907
908,"WnNMP, OczNMP",908
909,"WnNMP, Piotr i Paweł AAp",909
910,"WnNMP, Piotr i Paweł AAp, Andrzej Ap",910
911,"WnNMP, Piotr i Paweł AAp, Mikołaj Bp",911
912,"WnNMP, Piotr i Paweł AAp, Stanisław Bp",912
913,"WnNMP, PPańskie",913
914,"WnNMP, Stanisław Bp",914
915,"WnNMP, Stanisław Bp, Agnieszka PM",915
916,"WnNMP, Stanisław Bp, Jan Ch",916
917,"WnNMP, Stanisław Bp, Leonard O, Mikołaj Bp, Małgorzata, Apolonia, Dorota PPMM",917
918,"WnNMP, Stanisław Bp, Wincenty M, Katarzyna PM",918
919,"WnNMP, Stanisław, Wojciech BBp, Katarzyna, Barbara PPMM",919
923,"WnNMP, Szczepan, Zofia MM",923
920,"WnNMP, Św. Krzyż",920
921,"WnNMP, Św. Krzyż, Bartłomiej Ap",921
922,"WnNMP, Św. Krzyż, Trzej Królowie, Jan Ch, Jan Ew, Stanisław, Marcin BBp, Maria Magdalena, Katarzyna PM",922
924,"WnNMP, Tomasz Kantuareński ",924
925,"WnNMP, Walenty M",925
926,"WnNMP, Wawrzyniec M",926
927,"WnNMP, Wojciech Bp",927
928,"WnNMP, Wojciech Bp, Jerzy M, Wszyscy Św",928
929,"WnNMP, Wszyscy Św",929
930,"WnNMP, Zofia M",930
931,"WnNMP, Zygmunt Kr",931
932,"WnNMP, Zygmunt Kr, Jan Jał, Barbara PM",932
933,"WnNMP, Zygmunt Kr, Wojciech, Stanisław BBp",933
934,WnPańskie,934
935,"WnPańskie, ZwNMP",935
936,Wojciech Bp,936
937,"Wojciech Bp, Andrzej Ap",937
938,"Wojciech Bp, Anna",938
939,"Wojciech Bp, Barbara PM",939
940,"Wojciech Bp, Jadwiga Wd",940
941,"Wojciech Bp, Jakub W Ap",941
942,"Wojciech Bp, Jerzy M",942
943,"Wojciech Bp, Katarzyna PM",943
944,"Wojciech Bp, Małgorzata PM",944
945,"Wojciech Bp, Mateusz Ap",945
946,"Wojciech Bp, Michał A",946
947,"Wojciech Bp, NarNMP",947
948,"Wojciech Bp, Piotr i Paweł AAp, Teodor M",948
949,"Wojciech Bp, Wacław Kr",949
950,"Wojciech Bp, Wszyscy Św",950
951,"Wojciech, Marcin BBp",951
952,"Wojciech, Mikołaj BBp",952
953,"Wojciech, Stanisław BBp",953
1137,"Wojciech, Stanisław BBp, Klemens Pp",1137
954,Wolfgang Bp,954
1153,Wskrzeszenie Łazarza,1153
955,"Wszechmoc Boża, NMP, Wszyscy Św, Jakub W Ap, Wawrzyniec M, Józef",955
956,Wszyscy Św,956
957,"Wszyscy Św, Bartłomiej Ap",957
1138,"Wszyscy Św, Dorota PM",1138
958,"Wszyscy Św, Hieronim Bp",958
959,"Wszyscy Św, Imię NMP",959
960,"Wszyscy Św, Michał A",960
961,"Wszyscy Św, Mikołaj Bp",961
962,"Wszyscy Św, NarNMP",962
963,"Wszyscy Św, OczNMP",963
964,"Wszyscy Św, Stanisław Bp, Wawrzyniec M",964
965,"Wszyscy Św, WnNMP",965
966,ZaślNMP,966
967,ZaśnNMP,967
968,Zbawiciel,968
969,Zbawiciel Eucharystyczny,969
970,"Zbawiciel, Florian M",970
1100,"Zbawiciel, Jan Ch",1100
971,Zdjęcie z Krzyża,971
972,ZDucha Św,972
973,ZiPKrzyża Św,973
974,"ZiPKrzyża Św, Leonard O",974
975,"ZiPKrzyża Św, Marcin Bp",975
976,"ZiPKrzyża Św, Michał A, Jan Ew, Jan Ch",976
977,ZKrzyża Św,977
1077,"ZKrzyża Św, Andrzej Ap",1077
978,"ZKrzyża Św, Idzi O",978
979,"ZKrzyża Św, Jakub W Ap",979
980,"ZKrzyża Św, Jan Ch",980
981,"ZKrzyża Św, Katarzyna PM",981
982,"ZKrzyża Św, Mikołaj Bp",982
983,"ZKrzyża Św, NPNMP",983
984,Złożenie z Krzyża,984
985,ZmChrystusa,985
986,"ZmChrystusa, Tomasz Ap",986
1017,ZmPańskie,1017
1093,"ZmPańskie, Tomasz Ap",1093
1166,Znalezienie Relikwii Szczepana M,1166
987,Zofia M,987
988,"Zofia M, Barbara PM",988
989,"Zofia M, PPańskie",989
990,"Zofia M, WnNMP, Jan Ch, Mikołaj Bp",990
1067,Zw i WnNMP,1067
991,ZwNMP,991
992,"ZwNMP, Andrzej Ap, Anna, ZKrzyża Św",992
993,"ZwNMP, Barbara PM",993
994,"ZwNMP, Benedykt O",994
995,"ZwNMP, Jan Ch, Piotr i Paweł AAp, Mikołaj Bp, Małgorzata PM",995
996,"ZwNMP, Józef, Maria Magdalena",996
997,"ZwNMP, Łukasz Ew, Wszyscy Św",997
998,"ZwNMP, Mateusz Ap",998
999,"ZwNMP, Michał A",999
1000,"ZwNMP, Michał A, Jakub W Ap",1000
1001,"ZwNMP, Piotr i Paweł AAp",1001
1002,"ZwNMP, Stanisław Bp",1002
1003,"ZwNMP, Wojciech Bp",1003
1004,"ZwNMP, ZiPKrzyża Św",1004
1005,Zygmunt Kr,1005
1006,"Zygmunt Kr, Kazimierz Królewicz",1006
1007,"Zygmunt Kr, Łucja PM",1007
1008,"Zygmunt Kr, Maria Magdalena",1008
1009,"Zygmunt Kr, Prokop M",1009
1010,"Zygmunt Kr, Stanisław, Mikołaj BBp",1010
1011,"Zygmunt Kr, Walenty M",1011
